<?xml version="1.0" encoding="utf-8"?>

<livearea style="psmobile" format-ver="01.00" content-rev="1">
	<livearea-background>
		<image>bg0.png</image>
	</livearea-background>

	<gate>
		<startup-image>startup.png</startup-image>
	</gate>

	<frame id="frame2">
		<liveitem>
			<text valign="bottom" align="left" text-align="left" text-valign="bottom" line-space="2" ellipsis="on">
				<str color="#000000" size="50" shadow="off">modoru 戻る</str>
			</text>
		</liveitem>
	</frame>

	<frame id="frame4">
		<liveitem>
			<text align="left" text-align="left" word-wrap="off" ellipsis="on">
				<str size="18" color="#000000" shadow="off">v2.1</str>
			</text>
		</liveitem>
	</frame>
</livearea>
