<?xml version="1.0" encoding="utf-8"?>

<livearea style="psmobile" format-ver="01.00" content-rev="1">
	<livearea-background>
		<image>bg.png</image>
	</livearea-background>
	 
	<gate>
		<startup-image>startup.png</startup-image>
	</gate>
	
	<frame id="frame2">
		<liveitem>
			<text valign="bottom" align="left" text-align="left" text-valign="bottom" line-space="3" ellipsis="on">
				<str color="#ffffff" size="50"  bold="on" shadow="on"></str>
			</text>
		</liveitem>
	</frame>
	
	<frame id="frame3">
		<liveitem>
			<text valign="top" align="right" text-align="right" text-valign="top" line-space="2" ellipsis="on">
				<str color="#ffffff" size="50"  bold="on" shadow="on"></str>
			</text>
		</liveitem>
	</frame>
		
	<frame id="frame4">
		<liveitem>
			<target>psla:-file_logging</target>
			<text valign="bottom" align="right" text-align="right" word-wrap="off" ellipsis="on">
				<str size="20" color="#ffffff" shadow="on">Click here for debug logs</str>
			</text>
		</liveitem>
	</frame>	
</livearea>
